"ID","Description","setSize","enrichmentScore","NES","pvalue","p.adjust","qvalue","rank","leading_edge","core_enrichment"
"HALLMARK_OXIDATIVE_PHOSPHORYLATION","HALLMARK_OXIDATIVE_PHOSPHORYLATION",199,-0.549804812367351,-2.48508878309707,1e-10,1.93697446223285e-09,1.10101706274288e-09,3663,"tags=47%, list=20%, signal=38%","COX4I1/TIMM9/PDHB/COX15/NDUFA1/SDHB/NDUFA4/UQCRB/UQCRC1/TIMM8B/COX7A2/ATP5MG/TIMM10/VDAC2/ATP5PD/DLST/NDUFC1/CASP7/MTRF1/ACAA1/UQCRC2/NDUFB7/ATP6V1E1/PMPCA/COX7B/SUPV3L1/MRPS12/COX5B/SDHA/ATP5F1C/TOMM22/ATP5PF/MPC1/ACADM/NDUFV2/MRPL35/COX6A1/ATP5MC3/COX8A/NDUFB3/COX5A/MRPL34/COX17/COX6C/RHOT2/NDUFA9/HSPA9/MRPL15/LRPPRC/PHB2/COX11/SLC25A20/ACO2/ATP5F1B/NDUFA8/UQCRH/TIMM17A/VDAC1/ATP5MC1/UQCRFS1/UQCR11/SLC25A6/IDH3A/NDUFB5/MRPS30/ATP6V1C1/CS/NDUFAB1/VDAC3/GPI/NNT/SLC25A4/SUCLG1/ATP5PB/ATP6V1D/TIMM13/NQO2/GRPEL1/SLC25A11/DLAT/CYCS/NDUFV1/TOMM70/ATP6V1G1/DECR1/PDHA1/AFG3L2/NDUFA5/SDHD/LDHA/ATP6V1H/CPT1A/OAT"
"HALLMARK_MYC_TARGETS_V1","HALLMARK_MYC_TARGETS_V1",200,-0.504724993695647,-2.28315640709695,1e-10,1.93697446223285e-09,1.10101706274288e-09,5285,"tags=56%, list=29%, signal=40%","CYC1/CNBP/PTGES3/YWHAQ/TARDBP/RPL6/RACK1/LSM7/MAD2L1/PSMA4/DHX15/CANX/ERH/RANBP1/RPS10/CCT4/EIF4E/PSMD7/ORC2/HNRNPA1/RNPS1/RAD23B/EIF4A1/AP3S1/MRPL23/G3BP1/NOLC1/HNRNPA3/NAP1L1/ETF1/NHP2/SET/SRPK1/NPM1/HDAC2/LSM2/IMPDH2/TUFM/EIF3D/GSPT1/SERBP1/SSB/UBE2E1/SNRPD1/UBE2L3/SNRPD3/TYMS/COPS5/SRSF2/HNRNPD/RPS6/PSMA6/CCNA2/PRPS2/CSTF2/PWP1/HSPE1/HNRNPU/SMARCC1/SNRPB2/STARD7/SSBP1/CCT3/HSP90AB1/CDC45/NCBP1/CCT2/RAN/COX5A/MCM6/PSMC6/DEK/USP1/C1QBP/SYNCRIP/CBX3/RPL34/RPL14/EIF4G2/PHB2/FAM120A/EIF2S1/UBA2/CCT5/VDAC1/APEX1/ABCE1/HSPD1/SRSF1/PA2G4/CUL1/PGK1/MCM2/DDX21/MCM7/NOP16/GNL3/NDUFAB1/NCBP2/VDAC3/RPS3/TOMM70/MRPS18B/MCM4/PCBP1/PCNA/EIF3B/U2AF1/DUT/LDHA/TCP1"
"HALLMARK_MYOGENESIS","HALLMARK_MYOGENESIS",188,0.474434451058896,2.12525305480891,1.16218467733971e-10,1.93697446223285e-09,1.10101706274288e-09,4389,"tags=49%, list=24%, signal=38%","RYR1/PTGIS/TNNT1/BIN1/FLII/MYL11/DAPK2/SOD3/DMPK/MYH11/HRC/MYH2/SMTN/TNNC1/TNNI1/TNNT2/SGCA/FDPS/PSEN2/PTP4A3/ITGA7/MB/BDKRB2/GADD45B/KIFC3/AGRN/AEBP1/IFRD1/NAV2/FABP3/MYL7/TPM2/IGFBP3/SSPN/SH3BGR/ACTN3/CTF1/ACTN2/GSN/FHL1/CACNG1/PPP1R3C/COL6A3/ATP6AP1/GPX3/TGFB1/COL15A1/ACSL1/PFKM/MYL3/NOTCH1/MYL6B/GJA5/PVALB/APLNR/TAGLN/VIPR1/SYNGR2/PDLIM7/ADAM12/COL1A1/SPARC/STC2/AK1/WWTR1/PGAM2/ITGB4/NCAM1/CDH13/SPHK1/LSP1/APP/COL3A1/MYH9/SCD/GAA/GNAO1/DTNA/ADCY9/ITGB1/ACTC1/KLF5/CDKN1A/FKBP1B/PICK1/MYOM1/MEF2D/RIT1/IGFBP7/ATP2A1/CHRNG/LDB3/MYH7"
"HALLMARK_E2F_TARGETS","HALLMARK_E2F_TARGETS",200,-0.45500687395381,-2.05825325180396,5.76204920776876e-10,7.20256150971095e-09,4.09408759499359e-09,4273,"tags=44%, list=24%, signal=34%","PAICS/PLK1/SMC6/PHF5A/PMS2/CTCF/EXOSC8/NOLC1/NAP1L1/UNG/GINS4/PDS5B/DONSON/E2F8/PPP1R8/LMNB1/BARD1/DCLRE1B/GSPT1/H2AX/PRPS1/UBE2T/GINS1/POLE/TUBB/DCK/RFC2/SRSF2/HNRNPD/AURKA/CDKN1B/CHEK1/RFC3/CDC25A/CCP110/POP7/TIPIN/NAA38/LYAR/NUP107/PSIP1/ESPL1/RAN/SMC3/RFC1/PRKDC/MCM6/DEK/USP1/MRE11/NUDT21/TRIP13/RRM2/SYNCRIP/NBN/MXD3/ATAD2/CSE1L/TMPO/PPM1D/BRCA1/EZH2/HUS1/EIF2S1/CHEK2/JPT1/ILF3/PLK4/ING3/CDCA3/SRSF1/PA2G4/TBRG4/NASP/RAD51AP1/MCM2/SLBP/MCM7/UBR7/IPO7/MSH2/DSCC1/STAG1/MCM4/PCNA/ANP32E/HMGB3/DUT/HELLS"
"HALLMARK_APICAL_JUNCTION","HALLMARK_APICAL_JUNCTION",192,0.458368288409953,2.05488326225311,9.65281093854494e-10,9.65281093854494e-09,5.48686095454133e-09,4261,"tags=48%, list=24%, signal=37%","SLIT2/NFASC/TGFBI/FBN1/MSN/CLDN19/RRAS/NLGN3/CADM2/NRXN2/SHC1/HADH/COL9A1/MPZL1/CD34/CX3CL1/MAP4K2/CADM3/INSIG1/CD276/PECAM1/NECTIN2/PKD1/SLC30A3/EXOC4/MMP9/MMP2/TSPAN4/CLDN5/MVD/COL16A1/AKT3/ICAM5/B4GALT1/CDH11/CDH15/VASP/TRO/ACTN3/CDH4/ACTN2/SDC3/RAC2/DSC3/MYH10/ACTN1/MPZL2/CD274/ITGA3/ADAM9/VCAM1/CLDN4/MYL9/ICAM2/NEXN/DMP1/TMEM8B/ADAM23/ZYX/CDK8/ACTB/PFN1/ACTG2/THY1/LAMB3/NECTIN1/TAOK2/IRS1/PTPRC/EGFR/PTK2/VCL/ITGA10/ITGB4/GRB7/MAPK14/SRC/LAYN/SYMPK/COL17A1/MYH9/CLDN11/ACTN4/ITGB1/ACTC1/CNN2/CDH3/RSU1/FLNC/CDH8/ADAMTS5/GAMT"
"HALLMARK_EPITHELIAL_MESENCHYMAL_TRANSITION","HALLMARK_EPITHELIAL_MESENCHYMAL_TRANSITION",190,0.416211888392077,1.86384366392985,2.71499387683039e-07,2.26249489735866e-06,1.28604973113019e-06,3852,"tags=42%, list=21%, signal=33%","SLIT2/TGFBI/FBN1/PDGFRB/ITGA5/PTX3/ELN/SNAI2/BGN/APLP1/NTM/P3H1/TIMP1/LOXL2/CCN2/NT5E/LRP1/NID2/THBS1/PCOLCE/CXCL6/GADD45B/TGM2/LOXL1/COLGALT1/MMP2/CCN1/COL16A1/PLOD1/ITGB3/GADD45A/SFRP4/CDH11/CADM1/TPM2/IGFBP3/EMP3/PPIB/WIPF1/ACTA2/BASP1/FBLN2/COL8A2/SFRP1/VCAM1/JUN/COL6A3/LRRC15/MATN3/MYL9/TGFB1/CD44/ANPEP/PLOD3/FAS/TNC/TAGLN/DKK1/DAB2/THY1/ADAM12/COL1A1/SPARC/QSOX1/PDLIM4/SGCB/TIMP3/LOX/GPC1/RHOB/CDH2/FMOD/VEGFC/MATN2/COL3A1/COL1A2/CALU/COL5A3/PTHLH/ITGB1"
"HALLMARK_G2M_CHECKPOINT","HALLMARK_G2M_CHECKPOINT",197,-0.383378315825546,-1.73181991972978,5.84308748667123e-06,4.17363391905088e-05,2.37238138556576e-05,4364,"tags=38%, list=24%, signal=29%","KNL1/CCNT1/PLK1/RAD23B/SMAD3/KIF15/CTCF/G3BP1/E2F4/NOLC1/PDS5B/CDC27/RBL1/LMNB1/BARD1/GSPT1/DTYMK/BCL3/H2AX/SNRPD1/DKC1/POLE/PRP4K/SRSF2/HNRNPD/AURKA/CDKN1B/CDC6/CHEK1/CCNA2/EWSR1/CDC25A/HNRNPU/SMARCC1/GINS2/CDC45/NUP98/ESPL1/SRSF10/KIF11/NCL/MCM6/AMD1/SYNCRIP/KATNA1/DR1/CHAF1A/TLE3/KIF20B/TMPO/SFPQ/EZH2/HUS1/JPT1/ILF3/EXO1/PLK4/PURA/TNPO2/SRSF1/MNAT1/NASP/CUL1/MCM2/NUP50/MT2A/CDC7/SAP30/STAG1/E2F1/SMC2/FOXN3/HMGB3/CCND1"
"HALLMARK_INFLAMMATORY_RESPONSE","HALLMARK_INFLAMMATORY_RESPONSE",167,0.406305835850634,1.78754688705926,1.05971956637763e-05,6.62324728986017e-05,3.76479319634157e-05,4295,"tags=40%, list=24%, signal=31%","GPC3/ITGA5/PSEN1/TACR3/TIMP1/PROK2/CX3CL1/BTG2/STAB1/OSM/OSMR/EBI3/CXCL6/PCDH7/BST2/PTGER4/SLC1A2/IL1R1/TPBG/TNFSF15/PTGER2/ITGB3/IL10RA/PDE4B/NOD2/CD70/EMP3/PIK3R5/P2RY2/PTGIR/SLC7A1/PTPRE/CD40/IL2RB/IL18/KLF6/KCNA3/SELL/P2RX7/AXL/TNFRSF1B/CALCRL/ADORA2B/ATP2A2/CCL22/APLNR/NMUR1/IL18R1/CD82/BDKRB1/ITGB8/SGMS2/MSR1/SPHK1/CMKLR1/ADM/IRF1/LIF/CDKN1A/C5AR1/CCL2/SERPINE1/BEST1/HRH1/CD55/CSF3R/LDLR"
"HALLMARK_MYC_TARGETS_V2","HALLMARK_MYC_TARGETS_V2",58,-0.470434450510313,-1.74826543271369,0.000654913492042517,0.00363840828912509,0.00206814786960795,4604,"tags=52%, list=26%, signal=39%","MYBBP1A/BYSL/PLK1/TFB2M/NOLC1/NPM1/UNG/MRTO4/PPRC1/MPHOSPH10/PUS1/NOC4L/HK2/SUPV3L1/FARSA/HSPE1/IPO4/NDUFAF4/WDR74/CBX3/NIP7/PLK4/HSPD1/PA2G4/TBRG4/NOP16/GNL3/WDR43/MCM4/PRMT3"
"HALLMARK_COMPLEMENT","HALLMARK_COMPLEMENT",173,0.342119872082374,1.52010727461711,0.00109618240229573,0.00548091201147865,0.00311546577494576,4750,"tags=39%, list=26%, signal=29%","PDGFB/FYN/LIPA/GNG2/F10/PSEN1/APOBEC3G/TIMP1/ADRA2B/PLAT/HPCAL4/C1S/LRP1/APOC1/MAFF/CPQ/DUSP6/APOBEC3F/PRSS3/SERPING1/ZFPM2/CBLB/DOCK10/PRCP/LTF/GPD2/CEBPB/PIK3R5/ACTN2/PLA2G4A/DGKG/SH2B3/ADAM9/ZEB1/CPM/PLA2G7/HNF4A/L3MBTL4/CTSH/CR2/TMPRSS6/ME1/PFN1/ERAP2/GNGT2/CSRP1/FCER1G/LGMN/CDH13/SRC/PSMB9/CTSL/IRF1/MMP15/CALM3/HSPA5/SERPINE1/RCE1/CD55/KCNIP3/ITGAM/F5/SCG3/LGALS3/SERPINC1/SERPINA1/CTSD"
"HALLMARK_CHOLESTEROL_HOMEOSTASIS","HALLMARK_CHOLESTEROL_HOMEOSTASIS",73,0.434087897400192,1.69744149168703,0.001241129034329,0.00564149561058634,0.00320674487338592,3659,"tags=38%, list=20%, signal=31%","LPL/EBP/ATF3/TRIB3/ECH1/FDPS/MVD/STARD4/TMEM97/GPX8/FADS2/DHCR7/FDFT1/GSTM2/NIBAN1/ACSS2/HMGCR/PCYT2/HSD17B7/SQLE/CYP51A1/HMGCS1/AVPR1A/NSDHL/ACAT2/S100A11/LGMN/SCD"
"HALLMARK_COAGULATION","HALLMARK_COAGULATION",110,0.373865080579446,1.55693811308681,0.00214047652127684,0.00891865217198683,0.00506954965565567,3583,"tags=35%, list=20%, signal=28%","PDGFB/FBN1/FYN/F10/TIMP1/PLAT/C1S/LRP1/APOC1/THBS1/PECAM1/MAFF/MMP9/MMP2/HRG/CPQ/RAPGEF3/DUSP6/SERPING1/ITGB3/CAPN2/APOA1/SH2B2/CRIP2/F2RL2/GSN/ADAM9/PLAU/HNF4A/CTSH/TMPRSS6/SPARC/TIMP3/LEFTY2/CSRP1/DCT/LGMN/PRSS23"
"HALLMARK_TNFA_SIGNALING_VIA_NFKB","HALLMARK_TNFA_SIGNALING_VIA_NFKB",183,0.305829642336103,1.36491419843917,0.00725240061032172,0.0278938485012374,0.0158554507270191,2869,"tags=26%, list=16%, signal=22%","PHLDA1/KLF9/DNAJB4/PTX3/IER2/FOSB/TGIF1/ATF3/BTG2/PPP1R15A/CXCL6/GADD45B/DUSP2/MAFF/NINJ1/PTGER4/CCN1/LITAF/TNFAIP2/GADD45A/B4GALT1/PER1/PDE4B/TSC22D1/NFKBIE/KLF2/EGR1/CEBPB/G0S2/ACKR3/NR4A2/PTPRE/EGR2/JUN/RELB/IL18/KLF6/CD44/PLAU/EFNA1/DUSP4/NFKB2/IL6ST/EGR3/TNC/LAMB3/ZC3H12A/NFAT5"
"HALLMARK_XENOBIOTIC_METABOLISM","HALLMARK_XENOBIOTIC_METABOLISM",179,0.312130760452968,1.39420039889706,0.00827887650922413,0.0295674161043719,0.016806741785643,4503,"tags=37%, list=25%, signal=28%","F10/PTGES/EPHA2/TNFRSF1A/ECH1/TTPA/ENPEP/APOE/AKR1C3/IRF8/SLC12A4/GSTT2/NINJ1/HRG/IL1R1/CYP2J2/NPC1/HMOX1/ARG2/MAOA/TMEM97/ALDH2/LPIN2/MPP2/VTN/DHRS7/ELOVL5/AOX1/BLVRB/RAP1GAP/FETUB/TMBIM6/CES1/ABCC3/SLC46A3/HNF4A/FAS/ATP2A2/HPRT1/CYP2S1/SLC1A5/ALDH9A1/CCL25/SAR1B/CDO1/TAT/LCAT/SPINT2/ACSM1/PGRMC1/DHRS1/CSAD/TDO2/PYCR1/TMEM176B/COMT/DDC/PPARD/ACP1/SERPINE1/SMOX/PGD/FMO1/ABCD2/SLC35D1/AKR1C2"
"HALLMARK_BILE_ACID_METABOLISM","HALLMARK_BILE_ACID_METABOLISM",92,0.365754255266871,1.47597038030003,0.0115251247394129,0.0384170824647095,0.0218370784536244,4974,"tags=41%, list=28%, signal=30%","EFHC1/BMP6/EPHX2/LIPE/SULT2B1/ISOC1/ABCG8/NPC1/APOA1/DIO1/FADS2/SLC29A1/AMACR/PRDX5/ACSL1/PFKM/GNPAT/PAOX/GSTK1/FADS1/ALDH1A1/FDXR/ALDH9A1/SLC27A5/SOD1/OPTN/CYP46A1/ABCA5/CYP39A1/NEDD4/ABCD2/PIPOX/CROT/SLC27A2/IDH2/ABCA2/DIO2/CH25H"
"HALLMARK_HYPOXIA","HALLMARK_HYPOXIA",192,0.299080305653719,1.34078890206233,0.0131315026051458,0.0410359456410806,0.0233256954170353,4091,"tags=36%, list=23%, signal=28%","GPC3/PDGFB/TGFBI/IDS/GCK/BGN/PKLR/ATF3/CCN2/DDIT3/SULT2B1/PAM/PPP1R15A/GRHPR/AMPD3/TGM2/MAFF/KDELR3/CCN1/CA12/TPBG/KIF5A/HS3ST1/VLDLR/TMEM45A/HMOX1/CITED2/NDRG1/PFKP/IGFBP3/CXCR4/S100A4/SLC2A1/ACKR3/PKP1/PCK1/SDC3/PPP1R3C/SIAH2/JUN/PRDX5/KLF6/CHST3/PGF/EFNA1/ADORA2B/SELENBP1/EDN2/STC2/TPST2/SRPX/EGFR/PGAM2/LOX/GPC1/ANGPTL4/GALK1/FOS/MYH9/TKTL1/GAA/ADM/SCARB1/DTNA/CAVIN1/CDKN1A/HSPA5/GAPDHS/SERPINE1"
"HALLMARK_IL6_JAK_STAT3_SIGNALING","HALLMARK_IL6_JAK_STAT3_SIGNALING",77,0.354452367803551,1.39310419622536,0.0182920441529653,0.0538001298616627,0.030581126447682,4022,"tags=38%, list=22%, signal=29%","TNFRSF1A/LEPR/ITGA4/OSMR/EBI3/IL1R1/ACVRL1/HMOX1/ITGB3/CSF2RB/IL7/PIK3R5/INHBE/JUN/TGFB1/CD44/TNFRSF1B/FAS/TYK2/IL6ST/IL18R1/CCR1/IL13RA1/STAT1/IRF1/CXCL3/HAX1/TNFRSF21/IL1R2"
"HALLMARK_KRAS_SIGNALING_DN","HALLMARK_KRAS_SIGNALING_DN",159,0.309304864365257,1.34584707716013,0.0194943694016524,0.0541510261157011,0.030780583265767,4448,"tags=38%, list=25%, signal=29%","RYR1/PTGFR/SYNPO/KCNMB1/BTG2/GPR3/TENM2/SHOX2/HTR1B/COL2A1/SLC30A3/NR6A1/NPHS1/CLSTN3/BMPR1B/EPHA5/MAST3/CALCB/LFNG/EGF/GPR19/NR4A2/PKP1/CACNG1/ZBTB16/KRT15/TG/CELSR2/LYPD3/GPRC5C/PDCD1/SLC16A7/WNT16/UPK3B/OXT/CAPN9/EDN2/MTHFR/TEX15/FGGY/SLC12A3/YPEL1/NRIP2/MX1/NTF3/PAX4/SLC38A3/AKR1B10/C5/ADRA2C/CCR8/ACTC1/KLHDC8A/YBX2/IDUA/GAMT/CYP39A1/CHRNG/MYH7/SPHK2/KLK7"
"HALLMARK_APOPTOSIS","HALLMARK_APOPTOSIS",152,0.313451167548036,1.3602563255793,0.0207539683955818,0.0546157063041628,0.0310447172676294,3749,"tags=31%, list=21%, signal=25%","PDGFRB/IGFBP6/BGN/PSEN1/TIMP1/EBP/PLAT/ATF3/BTG2/DDIT3/DPYD/MGMT/PSEN2/GADD45B/MMP2/HMOX1/GADD45A/TSPO/PPT1/PLCB2/GSN/CDC25B/JUN/GPX3/IL18/BCAP31/CD44/RNASEL/FAS/EGR3/EMP1/FDXR/AVPR1A/PTK2/TIMP3/RHOB/HGF/PRF1/GSTM1/PDCD4/BID/SOD1/DAP/DIABLO/APP/PLPPR4/IRF1"
"HALLMARK_P53_PATHWAY","HALLMARK_P53_PATHWAY",197,0.279717699151653,1.25893477339511,0.0297747380074259,0.0744368450185648,0.0423114698000263,3902,"tags=29%, list=22%, signal=23%","ZFP36L1/IFI30/MXD4/ATF3/ABHD4/TRIB3/BTG2/DDIT3/EPHA2/PPP1R15A/TNNI1/NINJ1/HMOX1/NDRG1/GADD45A/TSC22D1/STEAP3/S100A4/TM7SF3/IRAG2/APAF1/PTPRE/PLK3/ZBTB16/FGF13/RAD51C/JUN/IRAK1/TGFB1/NOTCH1/TSPYL2/PTPN14/FAS/TGFA/RAB40C/CDKN2B/GLS2/FDXR/ADA/RRAD/CDKN2A/EI24/AK1/CD82/NUPR1/SLC3A2/ITGB4/CDH13/SPHK1/FOS/ZNF365/APP/XPC/TM4SF1/RHBDF2/LIF/FBXW7/IER5"
"HALLMARK_DNA_REPAIR","HALLMARK_DNA_REPAIR",149,-0.302198336468098,-1.31887174598195,0.0344420705500532,0.0820049298810789,0.0466133285639817,4555,"tags=34%, list=25%, signal=25%","AAAS/TAF1C/NFX1/POLR3C/CLP1/SMAD5/RFC5/TAF12/POLR2C/POLA1/POLR2D/ARL6IP1/IMPDH2/CSTF3/UMPS/POLR2H/POLR2K/TYMS/ELOA/RFC2/MRPL40/NT5C/TMED2/ERCC4/RFC3/NELFCD/TAF9/COX17/NUDT21/GTF2H3/PDE6G/SDCBP/BOLA2/CDA/PNP/RAD51/FEN1/TSG101/SF3A3/NCBP2/ERCC5/DGCR8/RNMT/VPS37B/GTF2H1/MPG/PCNA/ITPA/DUT/AK3"
"HALLMARK_ANGIOGENESIS","HALLMARK_ANGIOGENESIS",32,0.440238012331194,1.4527035303244,0.0379487793804819,0.0862472258647316,0.0490247389125843,3864,"tags=41%, list=21%, signal=32%","LPL/TIMP1/SERPINA5/CXCL6/S100A4/VTN/NRP1/KCNJ8/PTK2/LRPAP1/APP/COL3A1/TNFRSF21"
